City,Cloudiness,Country,Date,Humidity,Latitude,Longitude,Max Temp,Wind Speed
Mamallapuram,75,IN,1561943756,55,12.63,80.17,87.8,4.7
Hasaki,75,JP,1561943756,100,35.73,140.83,73.4,5.82
Cape Town,75,ZA,1561943700,93,-33.93,18.42,55.99,16.11
Goderich,15,CA,1561943757,83,43.74,-81.71,63.0,4.0
Oranjemund,20,ZA,1561943529,84,-28.55,16.43,56.57,18.14
Eureka,1,US,1561943757,77,40.8,-124.16,62.01,17.22
Mwinilunga,0,ZM,1561943757,47,-11.73,24.43,52.07,4.38
Hermanus,99,ZA,1561943757,68,-34.42,19.24,59.0,5.99
Talcahuano,75,CL,1561943567,87,-36.72,-73.12,46.4,3.36
Atuona,76,PF,1561943758,72,-9.8,-139.03,80.33,10.71
Fortuna,40,US,1561943758,77,40.6,-124.16,62.01,14.99
Mayumba,4,GA,1561943574,91,-3.44,10.65,71.33,10.09
Zhigansk,84,RU,1561943758,39,66.77,123.37,71.33,7.56
Mackay,40,CA,1561943759,40,53.65,-115.58,71.6,11.41
Kaseda,90,JP,1561943759,94,31.42,130.32,77.0,16.11
Barrow,19,AR,1561943759,75,-38.31,-60.23,39.47,9.53
Segovia,0,ES,1561943759,20,40.95,-4.12,84.2,6.93
Busselton,76,AU,1561943479,73,-33.64,115.35,59.0,13.38
Dikson,23,RU,1561943760,82,73.51,80.55,39.11,8.86
Mataura,82,NZ,1561943488,79,-46.19,168.86,54.0,1.01
Tuatapere,67,NZ,1561943760,79,-46.13,167.69,54.0,1.01
Port Alfred,0,ZA,1561943760,72,-33.59,26.89,64.0,5.99
Zapolyarnyy,5,RU,1561943760,70,69.43,30.82,44.6,11.41
Bredasdorp,71,ZA,1561943720,87,-34.53,20.04,59.0,5.82
Rikitea,9,PF,1561943718,58,-23.12,-134.97,69.71,10.98
Hilo,90,US,1561943761,74,19.71,-155.08,80.6,9.17
Ushuaia,75,AR,1561943570,59,-54.81,-68.31,37.4,17.22
Qaanaaq,2,GL,1561943761,49,77.48,-69.36,50.63,3.0
Thompson,75,CA,1561943761,82,55.74,-97.86,62.6,16.11
Sitka,0,US,1561943762,52,37.17,-99.65,87.01,8.99
Carnarvon,100,ZA,1561943762,77,-30.97,22.13,43.97,19.62
Khatanga,30,RU,1561943723,59,71.98,102.47,52.07,9.98
Codrington,75,AU,1561943762,88,-28.95,153.24,64.4,5.82
San Quintin,99,PH,1561943477,81,17.54,120.52,81.59,1.95
Makakilo City,75,US,1561943507,100,21.35,-158.09,86.0,5.82
Hoctun,90,MX,1561943763,94,20.87,-89.2,73.99,6.93
Comodoro Rivadavia,0,AR,1561943745,52,-45.87,-67.48,41.0,16.11
Vaini,75,IN,1561943763,94,15.34,74.49,71.6,6.93
Kirovskiy,100,RU,1561943763,98,45.09,133.51,55.67,5.14
Cidreira,94,BR,1561943764,84,-30.17,-50.22,59.81,8.68
Sur,56,OM,1561943764,43,22.57,59.53,90.77,9.01
Puerto Ayora,20,EC,1561943764,69,-0.74,-90.35,75.2,16.11
Whitehorse,90,CA,1561943658,34,60.72,-135.06,80.6,12.75
Bethel,90,US,1561943764,71,60.79,-161.76,57.2,14.99
Naryan-Mar,33,RU,1561943765,81,67.67,53.09,50.09,18.28
Abu Kamal,0,SY,1561943765,18,34.45,40.92,79.07,10.65
Panaba,100,MX,1561943765,91,21.28,-88.27,75.83,3.56
Santa Rosa de Lima,66,SV,1561943765,70,13.63,-87.89,84.83,3.18
Itarema,9,BR,1561943765,84,-2.92,-39.92,74.75,6.38
Puerto Quijarro,0,BO,1561943766,52,-19.0,-57.72,78.17,4.41
Saint George,20,GR,1561943766,68,39.45,22.34,72.0,1.74
Ostersund,8,SE,1561943766,81,63.18,14.64,52.0,14.99
Gallup,90,US,1561943766,68,35.53,-108.74,66.2,12.75
Bathsheba,40,BB,1561943571,74,13.22,-59.52,82.4,21.92
Yeppoon,20,AU,1561943767,53,-23.13,150.74,73.4,8.05
Matara,2,BI,1561943767,87,-3.48,29.48,49.55,0.58
Saskylakh,83,RU,1561943766,76,71.97,114.09,43.07,17.16
Lavrentiya,92,RU,1561943767,79,65.58,-170.99,46.67,10.87
Lagoa,0,PT,1561943569,60,37.14,-8.45,73.4,1.12
Punta Arenas,75,CL,1561943616,80,-53.16,-70.91,35.6,18.34
Mehamn,4,NO,1561943768,75,71.03,27.85,41.81,6.51
Msowero,66,TZ,1561943768,85,-6.53,37.2,62.15,1.57
Sao Joao da Barra,0,BR,1561943768,95,-21.64,-41.05,68.99,2.86
Ust-Maya,100,RU,1561943768,88,60.42,134.54,61.43,6.98
Avarua,94,CK,1561943495,71,-21.21,-159.78,70.79,23.91
Amazar,37,RU,1561943769,47,53.86,120.88,72.05,6.22
Tasiilaq,90,GL,1561943769,75,65.61,-37.64,42.8,18.34
Albany,75,US,1561943766,64,42.65,-73.75,71.01,4.7
Mount Isa,0,AU,1561943769,28,-20.73,139.49,68.0,5.82
Lazaro Cardenas,5,MX,1561943496,12,28.39,-105.62,93.2,10.29
Kutum,34,SD,1561943770,42,14.2,24.66,81.95,9.13
Sparks,1,US,1561943770,19,39.53,-119.75,86.0,13.87
Hobart,20,AU,1561943524,44,-42.88,147.33,63.0,12.75
Butaritari,100,KI,1561943497,71,3.07,172.79,83.21,8.5
Bonavista,44,CA,1561943771,83,48.65,-53.11,48.99,3.0
Raudeberg,90,NO,1561943771,100,61.99,5.14,54.0,19.46
Kapaa,90,US,1561943735,78,22.08,-159.32,80.6,10.29
Moron,17,HT,1561943771,74,18.56,-74.26,82.67,2.59
Yumen,0,CN,1561943620,21,40.29,97.04,77.09,11.21
Tautira,75,PF,1561943761,57,-17.73,-149.15,80.6,4.7
Jamestown,100,AU,1561943772,60,-33.21,138.6,49.01,13.29
Port Hawkesbury,90,CA,1561943509,100,45.62,-61.36,55.0,11.41
Amapa,75,HN,1561943772,88,15.09,-87.97,81.0,6.93
Iquitos,75,PE,1561943772,88,-3.75,-73.25,75.2,4.7
Trofors,100,NO,1561943772,93,65.54,13.39,48.2,11.41
Padang,56,ID,1561943579,78,-0.92,100.36,80.69,8.9
Los Llanos de Aridane,90,ES,1561943773,68,28.66,-17.92,71.6,11.41
North Bend,75,US,1561943773,77,43.41,-124.22,64.0,19.46
Katsuura,75,JP,1561943773,94,33.93,134.5,77.0,2.24
Katobu,67,ID,1561943773,83,-4.94,122.53,77.09,1.95
Arshan,97,YE,1561943773,25,14.32,46.95,85.55,5.97
Burns Lake,97,CA,1561943774,39,54.23,-125.76,73.49,6.08
Xichang,91,CN,1561943774,65,27.88,102.25,55.85,2.28
Rome,0,IT,1561943715,38,41.89,12.48,79.0,1.12
Naze,100,NG,1561943774,97,5.43,7.07,73.13,3.09
Santa Teresa,0,BR,1561943774,94,-19.94,-40.6,72.0,1.12
Mehendiganj,63,BD,1561943775,79,22.82,90.53,84.65,5.73
Urucui,7,BR,1561943775,57,-7.23,-44.56,75.83,4.23
Portland,1,US,1561943732,93,43.66,-70.25,64.99,3.36
High Rock,75,BS,1561943775,74,26.63,-78.28,84.2,4.7
Tamiahua,17,MX,1561943775,73,21.28,-97.45,82.31,9.4
Gat,27,SN,1561943776,83,14.69,-16.54,77.0,5.82
Hohhot,0,CN,1561943776,49,40.81,111.65,68.0,4.47
Castro,20,CL,1561943484,100,-42.48,-73.76,35.6,5.82
East London,36,ZA,1561943776,17,-33.02,27.91,71.87,15.12
Nanortalik,3,GL,1561943776,73,60.14,-45.24,38.57,3.62
Port-Gentil,20,GA,1561943777,83,-0.72,8.78,75.2,10.29
Volot,34,RU,1561943777,78,57.93,30.71,61.97,9.24
Clyde River,1,CA,1561943777,66,70.47,-68.59,48.2,4.7
Pacific Grove,20,US,1561943777,67,36.62,-121.92,82.99,8.05
Talnakh,0,RU,1561943763,76,69.49,88.39,50.0,13.42
Tiarei,75,PF,1561943778,57,-17.53,-149.33,80.6,4.7
Bluff,0,AU,1561943778,49,-23.58,149.07,68.81,9.6
Cabo San Lucas,5,MX,1561943711,51,22.89,-109.91,90.0,4.7
Xapuri,32,BR,1561943778,67,-10.65,-68.5,77.81,1.7
Saint-Louis,0,SN,1561943778,88,16.03,-16.5,77.0,4.7
Ponta do Sol,3,BR,1561943511,69,-20.63,-46.0,61.79,4.63
Juneau,90,US,1561943764,64,58.3,-134.42,70.0,3.36
Lengshuijiang,90,CN,1561943779,87,27.66,111.45,73.49,2.98
Georgetown,40,GY,1561943744,78,6.8,-58.16,82.4,9.17
Caravelas,0,BR,1561943779,88,-17.73,-39.27,73.49,5.1
Kodiak,1,US,1561943488,29,39.95,-94.76,91.4,5.82
Klaksvik,100,FO,1561943759,87,62.23,-6.59,44.6,26.4
Bambous Virieux,75,MU,1561943780,73,-20.34,57.76,69.8,10.29
Esperance,17,AU,1561943780,93,-33.86,121.89,50.0,12.75
Port Elizabeth,1,US,1561943780,47,39.31,-74.98,81.0,8.05
Kesova Gora,17,RU,1561943780,92,57.58,37.3,47.03,2.28
Erenhot,33,CN,1561943781,33,43.65,111.97,68.99,11.34
Honiara,75,SB,1561943562,78,-9.43,159.96,82.4,22.3
Kiama,0,AU,1561943529,53,-34.67,150.86,63.0,11.41
Uralets,100,RU,1561943781,82,57.66,59.65,55.49,5.26
Taoudenni,95,ML,1561943781,20,22.68,-3.98,97.61,12.84
Boundiali,7,CI,1561943782,95,9.53,-6.48,72.41,4.45
Santiago del Estero,84,AR,1561943782,58,-27.8,-64.26,53.33,7.54
Jalu,0,LY,1561943782,47,29.03,21.55,79.07,16.93
Hithadhoo,47,MV,1561943782,69,-0.6,73.08,84.11,7.65
Jamkhed,95,IN,1561943782,89,18.74,75.31,71.51,8.77
Yellowknife,75,CA,1561943756,37,62.45,-114.38,53.6,17.22
Vardo,1,US,1561943783,41,39.62,-77.74,82.0,8.05
Tazmalt,0,DZ,1561943783,73,36.39,4.4,71.6,11.41
Sept-Iles,75,CA,1561943674,82,50.2,-66.38,60.01,5.82
Mayo,90,CA,1561943783,39,63.59,-135.9,80.6,5.82
Margate,20,AU,1561943784,44,-43.03,147.26,63.0,12.75
Longyearbyen,75,NO,1561943777,65,78.22,15.63,44.6,36.91
Guerrero Negro,0,MX,1561943784,65,27.97,-114.04,72.05,20.67
Husavik,0,CA,1561943784,45,50.56,-96.99,79.0,5.01
Tuktoyaktuk,40,CA,1561943501,66,69.44,-133.03,48.2,8.05
Stykkisholmur,98,IS,1561943785,71,65.08,-22.73,43.25,13.87
Cootamundra,85,AU,1561943785,75,-34.64,148.03,50.0,1.01
Richards Bay,0,ZA,1561943785,52,-28.77,32.06,74.39,21.12
Nara,75,JP,1561943786,94,34.68,135.8,75.99,3.36
Coihaique,75,CL,1561943786,60,-45.58,-72.07,39.2,6.93
Muroto,75,JP,1561943786,94,33.37,134.14,75.2,1.12
Buala,11,SB,1561943786,75,-8.15,159.59,81.77,5.86
Lewiston,1,US,1561943786,93,44.1,-70.21,64.4,3.36
Eyl,62,SO,1561943787,55,7.98,49.82,80.87,23.94
Kaitangata,100,NZ,1561943511,73,-46.28,169.85,48.99,3.0
Vangaindrano,93,MG,1561943787,87,-23.35,47.6,67.37,2.86
Saint-Philippe,1,CA,1561943504,73,45.36,-73.48,71.6,3.42
Namatanai,48,PG,1561943787,82,-3.66,152.44,80.15,12.77
Okhotsk,7,RU,1561943788,58,59.36,143.24,62.15,4.54
Beringovskiy,35,RU,1561943788,67,63.05,179.32,54.41,15.21
Lompoc,1,US,1561943535,72,34.64,-120.46,78.01,13.87
Broome,0,GB,1561943788,87,52.47,1.45,60.8,11.41
Hofn,61,IS,1561943747,86,64.25,-15.21,29.93,10.02
Lasa,0,CY,1561943789,44,34.92,32.53,78.8,3.36
Poum,0,MK,1561943774,72,41.28,20.71,54.23,3.47
San Rafael,59,AR,1561943789,62,-34.61,-68.33,42.35,5.88
New Norfolk,20,AU,1561943789,44,-42.78,147.06,63.0,12.75
Kalamata,0,GR,1561943789,38,37.04,22.11,73.4,12.3
Padampur,0,IN,1561943790,26,29.71,73.62,95.09,10.11
Chhapar,0,IN,1561943790,46,27.82,74.44,92.21,15.12
Puerto Carreno,75,CO,1561943790,79,6.19,-67.49,84.2,4.45
Norman Wells,75,CA,1561943790,44,65.28,-126.83,57.2,16.11
Yulara,67,AU,1561943790,34,-25.24,130.99,51.8,5.82
Lander,75,US,1561943791,45,42.83,-108.73,75.0,14.99
Saldanha,25,PT,1561943535,81,41.42,-6.55,67.19,5.12
Presidencia Roque Saenz Pena,100,AR,1561943791,89,-26.79,-60.44,53.69,7.72
Kavaratti,99,IN,1561943791,76,10.57,72.64,83.03,15.61
Belaya Gora,0,RU,1561943792,36,68.54,146.19,63.59,5.93
Provideniya,90,RU,1561943792,87,64.42,-173.23,48.2,17.9
Honningsvag,0,NO,1561943792,78,70.98,25.97,43.97,14.43
San Policarpo,100,PH,1561943792,72,12.18,125.51,83.75,8.59
Slave Lake,40,CA,1561943574,72,55.28,-114.77,66.2,3.36
Maniitsoq,42,GL,1561943793,82,65.42,-52.9,39.11,9.22
Aklavik,75,CA,1561943772,44,68.22,-135.01,57.2,4.7
Bol,0,TD,1561943793,45,13.47,14.72,88.07,6.35
Black River,20,JM,1561943793,70,18.03,-77.85,86.0,6.93
Pasighat,78,IN,1561943793,94,28.06,95.33,71.87,3.4
Victoria,75,BN,1561943793,83,5.28,115.24,84.2,4.7
Tiksi,100,RU,1561943794,75,71.64,128.87,42.89,9.55
Gigmoto,100,PH,1561943794,81,13.78,124.39,82.85,18.39
Riberalta,21,BO,1561943794,69,-11.0,-66.08,77.81,0.47
Clarksburg,1,US,1561943611,47,39.24,-77.28,84.0,13.44
Maykor,100,RU,1561943795,99,59.01,55.89,54.59,6.87
Neuquen,0,AR,1561943764,65,-38.95,-68.06,35.6,0.89
Tomatlan,1,MX,1561943795,66,19.93,-105.25,84.47,7.94
Denpasar,20,ID,1561943615,83,-8.65,115.22,75.2,3.36
Carutapera,29,BR,1561943795,77,-1.2,-46.02,77.27,6.82
Novouzensk,99,RU,1561943795,77,50.46,48.14,54.95,7.63
Nuuk,16,GL,1561943657,75,64.17,-51.74,42.8,9.17
Yar-Sale,100,RU,1561943796,78,66.83,70.83,61.61,15.19
Paoua,100,CF,1561943796,93,7.24,16.43,70.25,5.75
Pelym,97,RU,1561943796,87,61.01,62.0,61.61,9.35
Kaufbeuren,12,DE,1561943796,77,47.88,10.62,71.6,4.7
Cayenne,100,GF,1561943797,94,4.94,-52.33,75.2,2.73
Chapais,20,CA,1561943509,53,49.78,-74.86,71.6,5.82
Touros,75,BR,1561943797,94,-5.2,-35.46,75.2,5.82
Toppenish,20,US,1561943797,23,46.38,-120.31,87.01,10.29
Namibe,0,AO,1561943798,77,-15.19,12.15,66.29,16.67
Indramayu,0,ID,1561943798,91,-4.05,103.78,66.29,3.15
Khani,75,GE,1561943798,100,41.96,42.96,57.2,2.24
Mahebourg,75,MU,1561943776,73,-20.41,57.7,69.8,10.29
Flin Flon,45,CA,1561943798,46,54.77,-101.88,65.39,13.67
Show Low,75,US,1561943799,63,34.25,-110.03,75.0,18.34
Bloemhof,0,ZA,1561943799,26,-27.65,25.61,55.31,18.3
Saint-Augustin,20,CA,1561943799,77,45.63,-73.98,71.6,3.36
Saint-Pierre,41,FR,1561943557,77,48.95,4.24,71.01,8.05
Ribeira Grande,98,PT,1561943719,92,38.52,-28.7,68.27,16.4
Banda Aceh,61,ID,1561943767,75,5.56,95.32,83.93,20.92
Pangnirtung,19,CA,1561943528,35,66.15,-65.72,50.63,5.14
Westport,1,US,1561943524,56,41.14,-73.36,75.2,12.75
Sa Kaeo,67,TH,1561943800,88,13.8,102.09,76.73,3.04
Hat Yai,20,TH,1561943800,94,7.0,100.46,80.6,0.29
Isangel,40,VU,1561943800,78,-19.55,169.27,77.0,5.82
Ketchikan,90,US,1561943708,68,55.34,-131.65,66.2,12.75
Airai,69,TL,1561943801,65,-8.93,125.41,78.35,1.88
Sao Miguel do Araguaia,0,BR,1561943591,52,-13.28,-50.16,73.67,1.48
Lorengau,63,PG,1561943801,78,-2.02,147.27,81.95,2.73
Kharitonovo,100,RU,1561943801,98,61.4,47.5,50.27,3.15
Abha,20,SA,1561943586,46,18.22,42.5,73.4,2.01
Morros,0,BR,1561943802,88,-2.87,-44.04,78.8,3.36
Mar del Plata,49,AR,1561943802,69,-46.43,-67.52,32.81,16.84
Pisco,90,PE,1561943802,77,-13.71,-76.2,66.2,10.29
Cherskiy,100,RU,1561943664,91,68.75,161.3,38.93,7.0
Bannu,3,PK,1561943533,37,32.99,70.6,90.23,5.35
Surman,0,LY,1561943802,84,32.76,12.57,77.45,14.47
Vestmannaeyjar,100,IS,1561943803,79,63.44,-20.27,52.07,5.59
Kavieng,21,PG,1561943505,73,-2.57,150.8,82.85,5.03
Urengoy,66,RU,1561943803,58,65.96,78.37,59.09,7.72
Birao,69,CF,1561943803,78,10.3,22.78,77.81,9.48
San Patricio,100,PY,1561943792,96,-26.98,-56.83,58.19,9.82
Casper,75,US,1561943657,46,42.87,-106.31,77.0,6.93
Dunedin,100,NZ,1561943526,51,-45.87,170.5,52.0,5.99
Kubrat,0,BG,1561943804,62,43.8,26.5,64.49,7.63
Kachiry,0,KZ,1561943670,77,53.07,76.1,55.31,5.61
Isla Mujeres,75,MX,1561943804,69,21.23,-86.73,80.6,2.24
Nikolskoye,40,RU,1561943804,62,59.7,30.79,62.01,8.95
Buraydah,0,SA,1561943805,26,26.33,43.97,84.2,4.7
Plettenberg Bay,79,ZA,1561943805,86,-34.05,23.37,54.05,5.97
Sampit,62,ID,1561943628,85,-2.54,112.95,76.19,1.79
Sangar,57,RU,1561943535,36,63.92,127.47,72.05,3.74
Natal,75,BR,1561943750,88,-5.81,-35.21,75.2,5.82
San Ignacio,39,PE,1561943805,90,-5.15,-79.0,61.97,2.48
Upernavik,0,GL,1561943806,81,72.79,-56.15,40.73,6.11
Agirish,93,RU,1561943806,82,61.92,63.02,63.05,9.44
Baykit,0,RU,1561943562,42,61.68,96.39,78.71,2.42
Port Lincoln,100,AU,1561943806,70,-34.72,135.86,58.91,27.54
Sao Filipe,0,CV,1561943806,85,14.9,-24.5,73.67,21.34
Beisfjord,71,NO,1561943807,81,68.38,17.6,51.01,19.46
Havelock,1,US,1561943807,70,34.88,-76.9,86.0,8.05
Elko,1,US,1561943624,15,40.83,-115.76,87.01,6.93
Tubuala,40,PA,1561943807,88,9.52,-79.03,80.6,6.93
Sol-Iletsk,93,RU,1561943808,92,51.16,55.0,58.73,9.84
Manaquiri,20,BR,1561943808,74,-3.43,-60.46,84.2,4.7
Yarkovo,0,RU,1561943808,87,54.81,82.6,53.6,4.47
Bridlington,30,GB,1561943808,87,54.08,-0.19,60.01,6.93
Viedma,6,AR,1561943809,58,-40.81,-62.99,41.09,12.84
Sinop,38,TR,1561943809,70,42.03,35.15,62.69,9.82
Bilma,0,NE,1561943809,14,18.69,12.92,93.11,9.51
Iquique,90,CL,1561943809,72,-20.22,-70.14,62.6,6.93
Akom,2,CM,1561943810,98,2.67,12.71,67.01,2.28
Praya,20,ID,1561943810,83,-8.71,116.27,77.0,2.24
Ballitoville,0,ZA,1561943810,76,-29.54,31.21,62.01,1.12
Harper,1,US,1561943527,51,30.3,-99.24,82.4,5.82
Torbay,90,CA,1561943810,100,47.66,-52.73,53.01,5.82
Oyon,59,PE,1561943811,77,-10.67,-76.77,41.45,4.85
Galdar,20,ES,1561943811,68,28.15,-15.65,69.8,19.46
Port Hedland,64,AU,1561943605,26,-20.31,118.58,71.6,8.05
Sorland,100,NO,1561943607,80,67.67,12.69,46.67,28.92
Sechura,18,PE,1561943811,86,-5.56,-80.82,65.57,15.03
Iqaluit,20,CA,1561943514,81,63.75,-68.52,42.8,14.99
Maun,0,BW,1561943812,30,-19.99,23.42,51.8,4.7
Te Anau,95,NZ,1561943545,87,-45.41,167.72,47.57,4.29
Upata,49,VE,1561943568,93,8.02,-62.41,75.99,3.0
Sayaxche,83,GT,1561943812,96,16.52,-90.17,77.45,2.66
Henties Bay,0,NA,1561943800,88,-22.12,14.28,54.0,5.08
Paracuru,75,BR,1561943813,78,-3.41,-39.03,78.8,13.87
Souillac,75,FR,1561943813,77,45.6,-0.6,68.0,4.7
Portobelo,40,PA,1561943813,88,9.55,-79.65,81.0,6.93
Ponta Delgada,20,PT,1561943813,82,37.73,-25.67,66.2,3.36
Rodrigues Alves,20,BR,1561943814,83,-7.74,-72.65,80.6,3.36
Batagay,97,RU,1561943814,42,67.65,134.64,64.67,6.24
Moissala,100,TD,1561943814,93,8.34,17.77,74.75,3.94
Flinders,0,AU,1561943814,53,-34.58,150.85,63.0,11.41
Shenjiamen,100,CN,1561943814,95,29.96,122.3,77.09,2.89
Cap Malheureux,75,MU,1561943550,73,-19.98,57.61,69.8,10.29
Caibarien,75,CU,1561943815,83,22.52,-79.47,75.2,4.7
Kahului,75,US,1561943804,78,20.89,-156.47,78.8,6.93
Aberdeen,40,US,1561943718,26,46.98,-123.82,82.4,10.76
Svetlogorsk,75,RU,1561943815,45,53.14,59.15,62.6,4.47
Suvorovo,0,BG,1561943816,87,43.33,27.59,62.01,3.36
Anchorage,1,US,1561943816,53,61.22,-149.89,77.0,3.36
Lebu,75,ET,1561943816,77,8.96,38.73,59.0,9.17
Bafilo,20,TG,1561943816,94,9.35,1.24,77.0,4.7
Catabola,0,AO,1561943817,36,-12.14,17.29,55.85,2.24
Ostrovnoy,72,RU,1561943817,78,68.05,39.51,39.29,9.78
Strelka,88,RU,1561943817,83,58.08,93.03,59.63,3.96
Kuntaur,93,GM,1561943817,75,13.67,-14.89,80.51,10.98
Soke,0,ML,1561943818,46,13.6,-5.94,88.07,7.94
Heishan,66,CN,1561943818,64,41.69,122.12,69.53,8.48
Ipixuna,0,BR,1561943818,88,-1.76,-48.8,77.0,3.36
Gazanjyk,0,TM,1561943818,54,39.24,55.52,83.03,13.85
Chachapoyas,76,PE,1561943818,83,-6.23,-77.87,52.07,4.25
Saint Anthony,1,US,1561943807,38,43.97,-111.68,80.6,3.36
Hervey Bay,0,AU,1561943819,68,-25.3,152.85,69.8,10.29
Dunyapur,4,PK,1561943819,79,29.8,71.74,89.6,13.76
Baindur,99,IN,1561943819,83,13.87,74.63,80.33,11.63
Okha,5,RU,1561943819,69,53.59,142.95,56.21,13.24
Maningrida,5,AU,1561943820,46,-12.05,134.23,78.53,14.25
Zarya,40,RU,1561943820,68,44.89,37.47,68.0,6.71
Birjand,0,IR,1561943820,22,32.86,59.22,75.2,9.17
Buzovna,90,AZ,1561943820,72,40.52,50.11,68.0,28.86
Kamenka,0,MD,1561943576,89,48.03,28.7,57.99,3.91
Komsomolskiy,71,RU,1561943820,91,67.55,63.78,58.91,12.24
Kedougou,75,SN,1561943821,88,12.56,-12.19,78.8,4.7
San Felipe,0,CL,1561943821,99,-32.75,-70.73,42.01,5.03
Arraial do Cabo,0,BR,1561943778,73,-22.97,-42.02,73.85,8.84
Beyneu,98,KZ,1561943821,52,45.32,55.19,72.41,15.57
Cap-aux-Meules,75,CA,1561943821,93,47.38,-61.86,51.8,16.11
Chuy,28,UY,1561943822,83,-33.69,-53.46,50.63,12.1
Gornopravdinsk,100,RU,1561943822,87,60.06,69.92,61.07,6.06
Havre-Saint-Pierre,20,CA,1561943796,82,50.23,-63.6,57.2,2.24
La Rochelle,82,FR,1561943822,82,46.16,-1.15,68.0,14.99
Marawi,100,PH,1561943822,72,8.0,124.29,84.0,1.99
Kruisfontein,56,ZA,1561943823,71,-34.0,24.73,56.57,10.87
Severo-Kurilsk,0,RU,1561943823,90,50.68,156.12,43.97,13.98
Vila Velha,75,BR,1561943734,78,-3.71,-38.6,78.8,13.87
Pevek,100,RU,1561943823,97,69.7,170.27,32.27,11.32
Ca Mau,57,VN,1561943823,81,9.18,105.15,81.77,4.09
Walvis Bay,43,NA,1561943824,82,-22.95,14.51,57.2,4.7
Basco,1,US,1561943824,79,40.33,-91.2,91.0,8.05
Cockburn Town,0,TC,1561943637,80,21.46,-71.14,82.13,18.48
Tianpeng,73,CN,1561943824,75,28.88,112.34,77.81,3.47
Ilulissat,40,GL,1561943823,80,69.22,-51.1,39.2,2.24
Tarakan,75,ID,1561943825,94,3.3,117.63,75.2,3.36
Sao Felix do Xingu,52,BR,1561943825,68,-6.64,-51.99,74.03,3.65
Alugan,87,PH,1561943825,69,12.22,125.48,84.29,5.73
Lahij,88,YE,1561943825,48,13.06,44.88,87.35,1.41
Guarapari,0,BR,1561943825,94,-20.67,-40.5,72.0,1.12
Necochea,42,AR,1561943826,82,-38.55,-58.74,45.0,14.0
Dungarpur,100,IN,1561943826,90,23.85,73.71,76.55,5.7
Bulungu,0,CD,1561943826,57,-4.54,18.6,75.11,1.23
Chokurdakh,98,RU,1561943827,48,70.62,147.9,50.99,8.19
Rawson,0,AR,1561943755,59,-43.3,-65.11,33.35,8.66
Zeya,77,RU,1561943827,40,53.74,127.27,72.95,6.53
Tezu,54,IN,1561943827,75,27.93,96.16,78.35,2.1
Luau,0,CD,1561943827,36,-10.7,22.23,58.19,3.71
Boende,10,CD,1561943828,71,-0.28,20.88,76.01,1.41
Paamiut,0,GL,1561943828,85,61.99,-49.67,37.31,12.97
Najran,20,SA,1561943813,34,17.54,44.22,86.0,4.7
Mitsamiouli,0,KM,1561943828,76,-11.38,43.28,79.07,8.25
Vila Franca do Campo,20,PT,1561943798,82,37.72,-25.43,66.2,3.36
Teya,90,MX,1561943584,94,21.05,-89.07,73.99,6.93
Zimovniki,75,RU,1561943829,77,47.15,42.46,54.59,6.22
Jojoima,100,SL,1561943829,99,7.88,-10.79,72.23,1.72
Muros,90,ES,1561943829,100,42.77,-9.06,66.99,6.93
Khovu-Aksy,100,RU,1561943830,89,51.13,93.72,58.55,2.57
Berlevag,0,NO,1561943830,77,70.86,29.09,43.79,8.86
Dumas,75,IN,1561943830,94,21.09,72.71,77.0,10.87
Bamberg,0,DE,1561943830,64,49.89,10.89,75.99,5.82
Ghanzi,0,BW,1561943830,30,-21.7,21.65,56.21,8.63
Anloga,20,GH,1561943831,88,5.79,0.9,78.8,8.05
Vao,28,EE,1561943831,81,59.1,26.19,58.73,8.77
Pokoynoye,24,RU,1561943831,62,44.81,44.25,56.57,11.99
Saint Andrews,100,NZ,1561943831,58,-44.53,171.19,57.99,4.59
Taquaritinga do Norte,0,BR,1561943709,94,-7.9,-36.04,62.87,5.64
Nanyang,0,CN,1561943832,47,33.0,112.53,81.05,3.22
Sydney,0,AU,1561943741,50,-33.85,151.22,59.0,10.29
Guapi,35,CO,1561943832,95,2.57,-77.89,74.93,3.62
Fort Smith,90,US,1561943767,78,35.39,-94.42,87.01,13.87
Skibbereen,75,IE,1561943832,81,51.55,-9.27,53.6,5.82
Skjervoy,56,NO,1561943833,75,70.03,20.97,46.31,10.65
Lazarev,0,RU,1561943833,85,52.23,141.51,49.19,16.69
Shaki,0,AM,1561943833,45,39.56,46.0,66.2,11.41
Dingle,100,PH,1561943833,92,11.0,122.67,76.37,7.9
Kupang,20,ID,1561943833,69,-10.16,123.6,80.6,13.87
Pueblo,1,US,1561943689,32,38.25,-104.61,82.4,23.04
San Cristobal,100,HN,1561943834,72,14.68,-86.92,74.57,8.14
Beian,75,NO,1561943834,93,63.66,9.57,53.01,17.22
Warangal,100,IN,1561943834,78,17.99,79.6,76.19,12.03
Okulovka,47,RU,1561943835,71,58.37,33.3,54.41,4.59
Baie-Comeau,90,CA,1561943835,93,49.22,-68.15,57.2,10.29
Coquimbo,0,CL,1561943559,87,-29.95,-71.34,51.8,4.7
Kosh-Agach,46,RU,1561943836,69,49.99,88.66,49.19,7.23
Lugovoy,61,RU,1561943836,85,59.72,65.88,61.43,8.75
Narsaq,14,GL,1561943836,66,60.91,-46.05,48.2,3.36
Gerash,0,IR,1561943836,22,27.67,54.14,80.6,0.74
Requena,0,ES,1561943836,64,39.49,-1.1,75.2,4.7
Carmen,75,PH,1561943837,83,7.36,125.71,84.0,3.36
Sri Aman,75,MY,1561943837,100,1.24,111.46,77.0,4.7
Zonguldak,8,TR,1561943837,62,41.25,31.83,68.99,5.17
Haines Junction,57,CA,1561943838,31,60.75,-137.51,78.53,4.36
High Level,90,CA,1561943838,87,58.52,-117.13,51.8,17.22
Wanning,13,AT,1561943838,73,48.64,13.53,71.6,3.36
Usinsk,99,RU,1561943838,77,66.0,57.56,57.83,12.06
Arawa,67,ID,1561943838,77,-3.93,119.75,80.15,11.45
Mirabela,0,BR,1561943839,60,-16.25,-44.16,68.0,6.31
Valparaiso,1,US,1561943592,50,41.47,-87.06,81.0,2.62
Isiro,100,CD,1561943839,98,2.77,27.62,68.45,1.32
Malegaon,99,IN,1561943839,77,20.56,74.52,76.37,5.08
Kirkwood,0,ZA,1561943839,72,-33.4,25.44,60.8,20.8
Brae,100,GB,1561943840,100,60.4,-1.35,51.8,14.99
Great Yarmouth,0,GB,1561943640,87,52.61,1.73,60.01,11.41
Marsh Harbour,91,BS,1561943607,66,26.54,-77.06,84.29,4.05
Deputatskiy,72,RU,1561943840,43,69.3,139.9,59.81,3.11
Novaya Bryan,0,RU,1561943840,68,51.72,108.27,64.4,2.24
Ust-Kuyga,100,RU,1561943549,46,70.0,135.55,59.45,2.89
Schluchtern,0,DE,1561943841,78,49.15,9.1,77.0,2.24
Beaufort,75,MY,1561943841,83,5.36,115.76,84.2,4.7
Conway,1,US,1561943841,83,35.09,-92.44,84.2,3.36
Gbarnga,66,LR,1561943842,99,7.0,-9.47,70.97,2.39
Celestun,46,MX,1561943782,86,20.87,-90.4,75.29,18.72
Khor,100,RU,1561943619,90,47.88,134.96,63.95,5.55
Praia,0,BR,1561943842,82,-20.25,-43.81,64.4,2.62
Batticaloa,100,LK,1561943615,65,7.71,81.69,73.85,1.36
Coahuayana,4,MX,1561943581,63,18.62,-100.35,84.29,0.74
Phalia,0,PK,1561943843,34,32.43,73.58,91.49,1.32
Ancud,20,CL,1561943843,100,-41.87,-73.83,35.6,5.82
Port Blair,100,IN,1561943843,80,11.67,92.75,83.75,23.76
Kirkuk,0,IQ,1561943843,18,35.47,44.4,79.79,8.81
Rehoboth,0,NA,1561943843,90,-23.31,17.08,37.13,6.76
Ziarat,0,PK,1561943844,74,30.38,67.73,64.31,7.36
Faanui,59,PF,1561943844,76,-16.48,-151.75,77.63,20.22
Chapada dos Guimaraes,0,BR,1561943844,61,-15.46,-55.75,82.4,3.36
Nikolayevka,59,RU,1561943844,59,46.73,38.57,69.35,14.92
Siocon,95,PH,1561943845,68,11.03,124.04,83.93,5.3
Wagar,51,US,1561943845,74,31.44,-87.99,84.0,3.4
Kumluca,0,TR,1561943845,51,36.37,30.29,56.57,7.74
Porto Belo,0,BR,1561943845,83,-27.15,-48.54,73.4,4.7
Japura,77,ID,1561943846,92,-0.42,102.29,74.75,3.22
Vila do Maio,40,CV,1561943786,78,15.13,-23.22,75.2,20.8
Capitao Poco,64,BR,1561943843,95,-1.75,-47.06,73.13,3.47
Grafton,73,AU,1561943846,68,-29.69,152.93,66.0,5.82
Pio IX,50,BR,1561943846,80,-6.83,-40.61,70.61,2.68
Port Hardy,40,CA,1561943796,68,50.7,-127.42,66.2,12.75
Lufilufi,57,WS,1561943847,74,-13.87,-171.6,86.0,11.99
Taksimo,29,RU,1561943847,50,56.36,114.84,69.53,5.26
Geraldton,75,CA,1561943847,49,49.72,-86.95,73.4,10.29
Bubaque,82,GW,1561943585,86,11.28,-15.83,80.15,12.86
Corner Brook,90,CA,1561943795,82,48.95,-57.95,59.0,12.75
Aksarayskiy,0,RU,1561943848,42,46.79,48.01,66.0,15.66
Hobyo,81,SO,1561943848,66,5.35,48.53,79.97,23.38
San Luis,0,AR,1561943848,40,-33.3,-66.34,46.85,9.71
Ust-Ilimsk,0,RU,1561943848,40,57.96,102.73,77.81,2.53
Lumding,100,IN,1561943848,95,25.75,93.17,78.71,2.24
Rudkobing,1,DK,1561943849,93,54.94,10.71,62.01,6.93
Labuhan,93,ID,1561943849,78,-2.54,115.51,75.83,0.51
Constitucion,75,MX,1561943807,43,23.99,-104.67,71.01,16.11
Shido,75,JP,1561943849,94,34.32,134.17,82.99,2.24
Sivaki,74,RU,1561943850,55,52.63,126.75,72.59,6.85
Cordoba,34,AR,1561943850,55,-27.78,-67.24,45.77,3.56
Deder,72,ET,1561943850,60,9.31,41.44,73.67,6.98
Achacachi,0,BO,1561943850,74,-16.04,-68.68,47.03,14.0
Tessalit,10,ML,1561943850,15,20.2,1.01,95.09,11.79
Waddan,0,LY,1561943851,44,29.16,16.14,76.55,7.63
Kloulklubed,75,PW,1561943851,74,7.04,134.26,84.2,9.17
Goundam,0,ML,1561943851,24,16.42,-3.66,97.43,6.17
Mana,27,NG,1561943851,40,13.03,5.27,90.95,8.43
Sawtell,40,AU,1561943852,59,-30.38,153.1,66.99,12.75
Gracias,72,HN,1561943852,1,14.59,-88.58,77.0,1.99
Dumbravita,0,RO,1561943852,84,45.77,25.43,61.0,2.15
Majene,94,ID,1561943852,82,-3.54,118.97,80.69,24.09
Murashi,100,RU,1561943853,99,59.4,48.97,51.17,3.8
Thinadhoo,38,MV,1561943556,75,0.53,72.93,83.39,6.82
Grindavik,0,IS,1561943853,75,63.84,-22.43,50.0,10.29
Half Moon Bay,5,US,1561943853,52,37.46,-122.43,72.0,12.75
Ucluelet,20,CA,1561943853,64,48.94,-125.55,78.01,14.99
Lata,60,IN,1561943854,77,30.78,78.62,41.27,4.16
Dongtai,100,CN,1561943854,78,32.85,120.31,84.99,1.99
Minador do Negrao,6,BR,1561943854,95,-9.31,-36.86,68.09,7.52
Grand Gaube,40,MU,1561943854,73,-20.01,57.66,69.8,9.17
Nizhniy Ingash,0,RU,1561943854,56,56.2,96.53,69.71,9.64
Churapcha,8,RU,1561943855,59,62.0,132.43,67.37,8.57
Kendari,81,ID,1561943839,90,-3.99,122.52,76.37,2.86
Port-Cartier,75,CA,1561943855,82,50.03,-66.88,60.01,5.82
Port Macquarie,33,AU,1561943707,62,-31.43,152.91,68.0,8.05
Sonoita,90,US,1561943855,49,31.68,-110.66,104.0,40.26
Tegal,7,ID,1561943856,78,-6.87,109.14,70.61,6.87
Kalmunai,100,LK,1561943856,65,7.42,81.82,73.85,1.36
Bandundu,35,CD,1561943856,52,-3.32,17.38,78.89,4.81
Northam,89,AU,1561943643,93,-31.65,116.67,57.2,2.24
General Roca,0,AR,1561943857,61,-39.03,-67.58,35.6,4.81
Laguna,75,BZ,1561943857,69,16.17,-88.94,82.4,4.7
Dombarovskiy,100,RU,1561943857,49,50.76,59.54,71.15,8.25
Mantua,0,IT,1561943820,64,45.16,10.79,80.01,4.7
Barraute,20,CA,1561943594,60,48.43,-77.63,69.8,2.24
Roald,100,NO,1561943857,93,62.58,6.12,55.4,18.34
Marrakesh,0,MA,1561943726,64,31.63,-7.99,71.6,6.93
Manta,0,RO,1561943858,76,45.1,24.1,60.71,3.13
Ngaoundere,98,CM,1561943858,94,7.32,13.58,66.29,3.09
Pitimbu,40,BR,1561943858,100,-7.47,-34.81,73.4,6.93
Maku,28,IR,1561943859,66,39.29,44.45,46.67,6.33
Kropotkin,2,RU,1561943859,78,45.43,40.58,55.13,8.25
Tahoua,4,NE,1561943859,32,14.89,5.26,94.01,7.34
Les Cayes,0,HT,1561943859,83,18.19,-73.75,82.13,14.38
Surt,0,LY,1561943708,77,31.21,16.59,77.27,8.01
Kununurra,51,AU,1561943587,30,-15.77,128.74,80.6,13.87
Bud,100,NO,1561943860,93,62.91,6.91,55.4,18.34
Nanyamba,28,MZ,1561943860,96,-10.69,39.81,69.17,6.98
Trinidad,0,BO,1561943732,79,-14.83,-64.9,76.73,1.92
Aripuana,26,BR,1561943860,55,-9.17,-60.63,78.89,2.77
Changping,0,CN,1561943860,34,40.22,116.23,84.0,8.95
Luanda,45,AO,1561943827,94,-8.83,13.24,68.0,5.82
Morondava,0,MG,1561943861,60,-20.3,44.28,77.63,10.47
Launceston,90,AU,1561943861,93,-41.43,147.14,52.0,26.4
Magadan,99,RU,1561943861,96,59.56,150.8,45.77,4.79
Alyangula,12,AU,1561943830,54,-13.85,136.42,78.8,9.17
Mount Gambier,100,AU,1561943862,80,-37.83,140.78,54.59,29.91
Kochinda,93,IN,1561943862,80,21.73,84.35,78.53,3.89
Taltal,100,CL,1561943759,89,-25.41,-70.49,49.73,3.15
Nokaneng,0,BW,1561943862,30,-19.66,22.19,55.13,4.85
Ibra,5,OM,1561943862,62,22.69,58.55,78.53,3.09
Lancaster,1,US,1561943590,15,34.7,-118.14,93.0,19.46
Egvekinot,81,RU,1561943863,68,66.32,-179.17,51.89,12.62
Samarai,90,PG,1561943863,67,-10.62,150.67,75.65,7.52
Punta Alta,90,AR,1561943863,87,-27.46,-55.82,60.8,6.93
Ranong,20,TH,1561943863,83,9.96,98.62,82.4,2.24
Berdigestyakh,0,RU,1561943864,42,62.1,126.7,67.55,6.69
Uchaly,100,RU,1561943864,76,54.32,59.38,50.63,3.91
Kidal,24,ML,1561943864,28,18.44,1.41,90.05,13.04
Ahipara,77,NZ,1561943749,82,-35.17,173.16,60.53,7.61
Bakel,59,SN,1561943864,44,14.9,-12.46,90.41,8.01
Nyaunglebin,100,MM,1561943865,97,17.95,96.73,74.57,6.73
Omsukchan,100,RU,1561943865,69,62.53,155.8,50.63,2.48
Wairoa,71,NZ,1561943865,59,-39.04,177.43,63.0,2.19
Linkou,100,CN,1561943866,98,45.29,130.27,56.39,3.29
Moose Factory,1,CA,1561943866,68,51.26,-80.61,66.2,11.41
Abbeville,90,FR,1561943866,87,50.11,1.83,60.8,4.7
Bad Bevensen,20,DE,1561943866,82,53.08,10.57,64.4,4.52
Gravdal,99,NO,1561943867,93,59.79,5.78,55.99,16.11
Inuvik,75,CA,1561943751,44,68.36,-133.71,57.2,4.7
Srivardhan,91,IN,1561943867,83,18.03,73.02,80.15,7.61
Melo,95,UY,1561943867,72,-32.37,-54.17,51.71,9.42
Dettingen,0,DE,1561943868,78,48.26,9.72,73.0,2.24
Concarneau,0,FR,1561943868,93,47.88,-3.92,59.0,4.7
Hirara,40,JP,1561943868,84,24.8,125.28,87.8,18.34
Moanda,7,CD,1561943868,86,-5.93,12.38,72.41,12.91
Sao Jose da Coroa Grande,8,BR,1561943868,94,-8.9,-35.15,70.79,3.56
Alamogordo,1,US,1561943773,8,32.9,-105.96,95.0,5.82
El Tocuyo,73,VE,1561943869,75,9.79,-69.8,73.31,7.65
Manjacaze,0,MZ,1561943869,72,-24.71,33.88,64.67,6.71
Lalmohan,69,BD,1561943869,79,22.34,90.74,84.11,7.34
Sindou,44,BF,1561943869,75,10.66,-5.16,77.63,4.52
Nioro,96,GM,1561943870,65,13.79,-15.05,81.59,12.62
Victor Harbor,0,AU,1561943870,62,-35.55,138.62,59.0,14.99
Acapulco,75,MX,1561943582,66,16.86,-99.88,86.0,3.36
Tabou,39,CI,1561943870,95,4.42,-7.36,73.67,3.18
Gayeri,0,BF,1561943871,46,12.65,0.49,88.79,7.99
Shibetsu,75,JP,1561943871,72,44.15,142.46,62.6,11.41
Udachnyy,90,RU,1561943871,72,66.42,112.4,64.4,4.47
Ornskoldsvik,88,SE,1561943871,93,63.29,18.72,48.2,4.7
Petropavlovsk-Kamchatskiy,20,RU,1561943845,76,53.05,158.65,53.6,11.18
Cooma,0,AU,1561943872,80,-36.24,149.13,35.6,11.41
Krasnomayskiy,0,RU,1561943872,87,55.0,82.52,53.6,4.47
Linxia,19,CN,1561943804,63,35.6,103.21,58.91,2.86
Manaure,73,CO,1561943872,80,11.78,-72.45,79.97,27.02
Sistranda,75,NO,1561943872,93,63.73,8.83,53.01,17.22
